Index,To
1,2
2,3
4,5
5,6
7,8
8,9
10,11
11,12
13,14
14,15
16,17
17,18
19,20
21,22
23,24
172,25
25,26
27,28
29,30
30,31
32,33
33,34
173,35
35,36
37,38
174,39
39,40
41,42
42,169
43,44
44,45
44,182
46,47
48,49
50,51
52,53
52,863
54,55
56,57
58,59
60,61
61,62
61,186
63,64
64,65
66,67
67,68
69,70
70,71
72,73
74,75
75,76
77,78
79,80
79,199
81,82
82,462
83,865
84,85
86,87
88,89
90,91
92,93
93,94
95,208
96,97
98,99
100,101
102,103
104,105
236,106
236,107
236,237
108,463
109,110
111,112
112,464
440,113
113,242
114,465
116,117
117,230
118,119
120,121
439,122
122,866
123,212
238,124
239,125
125,466
240,126
126,467
129,130
133,134
133,135
133,136
133,196
133,197
133,470
133,471
133,700
137,233
233,474
138,139
140,141
446,143
147,148
148,149
152,153
153,154
155,156
156,157
158,159
159,160
161,162
163,164
165,166
167,168
170,171
175,176
176,468
177,178
179,180
180,181
298,183
183,184
438,185
187,188
188,189
190,424
191,192
193,469
194,195
198,430
200,429
360,202
204,205
207,472
209,210
215,461
216,217
218,219
220,221
221,473
222,864
223,224
458,226
228,229
231,232
246,247
247,248
252,253
253,254
255,256
256,257
258,259
259,260
261,262
263,264
264,862
265,266
265,268
266,267
268,269
270,271
271,272
273,274
274,275
276,277
278,279
280,281
281,282
281,475
283,284
285,286
287,288
288,289
290,291
290,292
293,294
294,295
296,297
299,476
300,301
304,305
305,306
307,308
309,310
406,315
315,407
316,317
318,319
320,321
322,323
325,326
328,329
329,330
331,332
333,334
339,340
341,342
343,344
345,346
347,348
349,350
353,354
355,356
356,477
433,358
361,362
361,478
363,364
364,365
366,367
366,368
371,372
372,373
374,375
375,376
